City_ID,City,Country,Date,Lat,Lng,Max Temp,Humidity,Cloudiness,Wind Speed
0,Barrow,US,2022-05-26 23:30:41,71.2906,-156.7887,33.82,86,100,12.66
1,Rikitea,PF,2022-05-26 23:33:20,-23.1203,-134.9692,77.43,73,33,16.11
2,Nome,US,2022-05-26 23:31:06,64.5011,-165.4064,37.47,87,100,9.22
3,Mar Del Plata,AR,2022-05-26 23:33:20,-38.0023,-57.5575,49.08,65,40,3.44
4,Ushuaia,AR,2022-05-26 23:29:38,-54.8,-68.3,31.66,100,100,28.77
5,Castro,BR,2022-05-26 23:33:21,-24.7911,-50.0119,55.67,82,94,3.24
6,Avarua,CK,2022-05-26 23:33:21,-21.2078,-159.775,78.51,73,50,6.49
7,Brigantine,US,2022-05-26 23:33:22,39.4101,-74.3646,67.19,91,100,9.22
8,Jardim,BR,2022-05-26 23:33:22,-21.4803,-56.1381,74.12,54,83,2.13
9,Kaitangata,NZ,2022-05-26 23:33:22,-46.2817,169.8464,47.1,63,4,3.69
10,Punta Arenas,CL,2022-05-26 23:33:23,-53.15,-70.9167,37.51,65,0,16.11
11,Atuona,PF,2022-05-26 23:33:23,-9.8,-139.0333,78.67,77,13,16.91
12,Dikson,RU,2022-05-26 23:33:23,73.5069,80.5464,21.9,93,65,4.97
13,Panguna,PG,2022-05-26 23:33:24,-6.3164,155.4848,78.26,75,97,2.19
14,Bonthe,SL,2022-05-26 23:33:24,7.5264,-12.505,78.24,85,77,7.47
15,Puerto Ayora,EC,2022-05-26 23:33:24,-0.7393,-90.3518,73.54,84,75,5.01
16,Vaini,TO,2022-05-26 23:33:25,-21.2,-175.2,78.96,89,75,6.91
17,Rawson,AR,2022-05-26 23:33:25,-43.3002,-65.1023,43.07,55,1,13.18
18,Kodiak,US,2022-05-26 23:33:26,57.79,-152.4072,58.51,55,0,6.91
19,Olinda,BR,2022-05-26 23:28:42,-8.0089,-34.8553,80.33,78,75,13.8
20,Fort Frances,CA,2022-05-26 23:30:14,48.5999,-93.4003,64.62,52,0,8.05
21,Kapaa,US,2022-05-26 23:33:26,22.0752,-159.319,82.38,67,0,12.66
22,Port Elizabeth,ZA,2022-05-26 23:33:26,-33.918,25.5701,53.89,96,0,4.61
23,Nanortalik,GL,2022-05-26 23:33:27,60.1432,-45.2371,33.93,92,100,8.23
24,Guaruja,BR,2022-05-26 23:33:27,-23.9931,-46.2564,71.47,74,45,0.4
25,Phalaborwa,ZA,2022-05-26 23:33:27,-23.943,31.1411,65.48,86,37,10.04
26,Mataura,NZ,2022-05-26 23:33:28,-46.1927,168.8643,43.48,66,1,1.81
27,Dakoro,NE,2022-05-26 23:33:28,14.5106,6.765,83.21,12,6,3.2
28,Oxford,GB,2022-05-26 23:33:28,51.7522,-1.256,59.18,87,100,9.22
29,Hermanus,ZA,2022-05-26 23:33:29,-34.4187,19.2345,56.8,87,28,9.64
30,Norman Wells,CA,2022-05-26 23:33:29,65.282,-126.8329,55.44,41,75,12.66
31,Ptichye,RU,2022-05-26 23:33:29,45.5168,41.7115,58.28,70,99,6.33
32,Torbay,CA,2022-05-26 23:33:30,47.6666,-52.7314,38.28,72,40,11.99
33,Callaway,US,2022-05-26 23:33:30,30.153,-85.5699,73.96,95,100,10.36
34,Eston,CA,2022-05-26 23:33:30,51.1501,-108.7514,70.92,23,62,8.81
35,Agadez,NE,2022-05-26 23:33:31,19.75,10.25,87.98,10,4,10.22
36,Port Alfred,ZA,2022-05-26 23:33:31,-33.5906,26.891,54.18,95,26,1.99
37,Mahebourg,MU,2022-05-26 23:33:31,-20.4081,57.7,70.25,88,20,5.75
38,Lompoc,US,2022-05-26 23:33:32,34.6391,-120.4579,76.69,71,20,16.11
39,Zabaykalsk,RU,2022-05-26 23:33:32,49.6333,117.3167,66.24,29,96,17.98
40,San Patricio,US,2022-05-26 23:33:32,28.017,-97.5169,95.72,59,1,16.37
41,Albany,US,2022-05-26 23:30:01,42.6001,-73.9662,71.38,61,97,8.86
42,Berkak,NO,2022-05-26 23:33:33,62.825,10.0118,38.57,91,95,2.04
43,Ribeira Grande,PT,2022-05-26 23:33:33,38.5167,-28.7,64.2,77,79,17.98
44,Ilulissat,GL,2022-05-26 23:33:34,69.2167,-51.1,32.02,100,100,4.61
45,Cape Town,ZA,2022-05-26 23:34:34,-33.9258,18.4232,62.38,86,0,2.3
46,Thompson,CA,2022-05-26 23:34:18,55.7435,-97.8558,37.56,100,100,12.66
47,Jamestown,US,2022-05-26 23:30:29,42.097,-79.2353,78.39,68,100,11.5
48,Rocha,UY,2022-05-26 23:34:34,-34.4833,-54.3333,48.31,85,29,2.57
49,Escarcega,MX,2022-05-26 23:32:53,18.6089,-90.7454,74.7,96,100,3.02
50,Seymchan,RU,2022-05-26 23:34:35,62.8833,152.4333,49.66,58,100,3.49
51,Padang,ID,2022-05-26 23:34:35,-0.9492,100.3543,73.45,79,87,4.47
52,Richards Bay,ZA,2022-05-26 23:34:36,-28.783,32.0377,66.34,88,88,4.7
53,Lac Du Bonnet,CA,2022-05-26 23:34:36,50.2536,-96.0612,67.1,50,87,7.9
54,Vila Franca Do Campo,PT,2022-05-26 23:34:36,37.7167,-25.4333,63.01,86,77,4.5
55,Verkhoyansk,RU,2022-05-26 23:34:37,67.5447,133.385,37.06,49,77,6.55
56,Port Said,EG,2022-05-26 23:34:37,31.2565,32.2841,71.58,88,0,11.5
57,Tuatapere,NZ,2022-05-26 23:34:38,-46.1333,167.6833,49.12,65,1,3.71
58,Porto Novo,BJ,2022-05-26 23:34:38,6.4965,2.6036,78.62,85,67,7.16
59,East London,ZA,2022-05-26 23:32:12,-33.0153,27.9116,60.06,83,80,3.58
60,Cap-Aux-Meules,CA,2022-05-26 23:34:38,47.3821,-61.8597,50.05,87,75,10.36
61,Pevek,RU,2022-05-26 23:34:39,69.7008,170.3133,31.77,78,99,11.48
62,Ambilobe,MG,2022-05-26 23:34:39,-13.2,49.05,69.15,91,54,2.84
63,Tuktoyaktuk,CA,2022-05-26 23:34:39,69.4541,-133.0374,35.6,87,100,10.36
64,Batagay,RU,2022-05-26 23:34:40,67.6333,134.6333,35.89,55,93,6.53
65,Klaksvik,FO,2022-05-26 23:34:40,62.2266,-6.589,45.52,78,12,11.88
66,Tacna,PE,2022-05-26 23:30:56,-18.0056,-70.2483,58.1,82,75,8.05
67,Kavieng,PG,2022-05-26 23:34:40,-2.5744,150.7967,83.08,64,89,6.4
68,Timra,SE,2022-05-26 23:34:41,62.487,17.3257,38.88,100,100,3.44
69,Yellowknife,CA,2022-05-26 23:34:41,62.456,-114.3525,59.56,41,75,13.8
70,Hobart,AU,2022-05-26 23:31:30,-42.8794,147.3294,55.06,79,75,8.05
71,Nishihara,JP,2022-05-26 23:34:41,26.1842,127.7558,70.88,97,100,6.91
72,Kaifeng,CN,2022-05-26 23:34:42,34.7911,114.3483,79.41,31,78,6.62
73,Launceston,AU,2022-05-26 23:31:41,-41.45,147.1667,53.8,97,40,8.05
74,Chumikan,RU,2022-05-26 23:34:42,54.7183,135.315,37.78,91,99,8.14
75,Meulaboh,ID,2022-05-26 23:34:43,4.1363,96.1285,77.27,84,98,4.97
76,Rutana,BI,2022-05-26 23:34:43,-3.8667,30.1,56.34,94,85,3.18
77,Petrov Val,RU,2022-05-26 23:34:43,50.1434,45.2096,55.96,81,100,11.72
78,Shache,CN,2022-05-26 23:34:44,38.4167,77.2406,67.71,23,6,4.5
79,Bredasdorp,ZA,2022-05-26 23:34:44,-34.5322,20.0403,52.34,90,25,3.22
80,Cidreira,BR,2022-05-26 23:34:44,-30.1811,-50.2056,63.5,96,100,4.65
81,Georgetown,MY,2022-05-26 23:34:45,5.4112,100.3354,80.53,89,20,3.44
82,Bull Savanna,JM,2022-05-26 23:34:45,17.8868,-77.5902,77.16,78,64,11.39
83,Coquimbo,CL,2022-05-26 23:34:45,-29.9533,-71.3436,55.13,94,100,4.61
84,Tiksi,RU,2022-05-26 23:34:46,71.6872,128.8694,29.7,88,94,6.02
85,Taitung,TW,2022-05-26 23:31:18,22.7583,121.1444,77.27,100,75,2.3
86,Coihaique,CL,2022-05-26 23:34:46,-45.5752,-72.0662,33.75,86,40,4.61
87,Lebu,CL,2022-05-26 23:33:47,-37.6167,-73.65,45.3,75,42,13.44
88,Busselton,AU,2022-05-26 23:34:47,-33.65,115.3333,53.89,73,0,8.81
89,Bluff,NZ,2022-05-26 23:34:47,-46.6,168.3333,43.81,79,3,7.47
90,North Platte,US,2022-05-26 23:35:47,41.1239,-100.7654,84.11,27,75,9.22
91,Caravelas,BR,2022-05-26 23:35:48,-17.7125,-39.2481,69.55,83,2,5.1
92,Vallenar,CL,2022-05-26 23:35:48,-28.5708,-70.7581,60.71,60,45,0.74
93,Provideniya,RU,2022-05-26 23:35:48,64.3833,-173.3,33.91,86,75,6.71
94,Saint-Georges,GD,2022-05-26 23:35:49,12.0564,-61.7485,80.28,78,20,17.27
95,Carnarvon,AU,2022-05-26 23:35:49,-24.8667,113.6333,70.97,64,100,7.47
96,Scalea,IT,2022-05-26 23:35:49,39.813,15.7956,76.05,50,65,12.91
97,Miedzyrzec Podlaski,PL,2022-05-26 23:35:50,51.9864,22.7825,50.76,92,31,10.22
98,Portland,US,2022-05-26 23:31:57,45.5234,-122.6762,73.38,62,100,6.91
99,Victoria,HK,2022-05-26 23:31:31,22.2855,114.1577,81.97,93,98,4.0
100,Vao,NC,2022-05-26 23:35:50,-22.6667,167.4833,73.49,78,100,8.84
101,Egvekinot,RU,2022-05-26 23:35:51,66.3167,-179.1667,39.65,70,99,5.35
102,Boo,SE,2022-05-26 23:35:51,59.3333,18.2833,51.82,94,75,9.22
103,Lata,PT,2022-05-26 23:35:51,40.1629,-8.3327,64.08,53,38,4.63
104,Beringovskiy,RU,2022-05-26 23:35:52,63.05,179.3167,45.18,67,78,11.68
105,Opuwo,NA,2022-05-26 23:35:52,-18.0607,13.84,60.17,33,0,4.45
106,Banavar,IN,2022-05-26 23:35:52,13.4136,76.1683,70.11,84,36,4.38
107,Flic En Flac,MU,2022-05-26 23:35:53,-20.2742,57.3631,70.52,78,0,4.79
108,Acapulco,MX,2022-05-26 23:34:26,16.8634,-99.8901,87.62,62,20,8.05
109,Yangambi,CD,2022-05-26 23:35:53,0.8102,24.4336,69.17,92,12,2.77
110,Namibe,AO,2022-05-26 23:35:53,-15.1961,12.1522,66.92,84,41,2.64
111,Fortuna,US,2022-05-26 23:35:54,40.5982,-124.1573,69.91,69,0,4.61
112,Aguas Buenas,PR,2022-05-26 23:35:54,18.2569,-66.1029,79.63,90,97,3.83
113,Una,IN,2022-05-26 23:35:54,20.8167,71.0333,82.83,69,64,15.82
114,Aykhal,RU,2022-05-26 23:35:55,66.0,111.5,33.15,60,65,16.31
115,Cayenne,GF,2022-05-26 23:35:55,4.9333,-52.3333,79.09,1,89,0.0
116,Jizan,SA,2022-05-26 23:35:56,17.3333,42.6667,85.14,71,0,4.27
117,Talnakh,RU,2022-05-26 23:35:56,69.4865,88.3972,36.25,84,58,6.58
118,Longyearbyen,SJ,2022-05-26 23:35:56,78.2186,15.6401,39.04,87,75,3.44
119,Baringo,KE,2022-05-26 23:35:57,0.4667,35.9667,69.76,75,100,4.5
120,Kaoma,ZM,2022-05-26 23:35:57,-14.7833,24.8,53.58,60,0,5.46
121,Chokurdakh,RU,2022-05-26 23:35:57,70.6333,147.9167,29.77,63,14,7.7
122,Key West,US,2022-05-26 23:31:04,24.5557,-81.7826,87.8,71,75,14.97
123,Calais,FR,2022-05-26 23:35:58,50.9167,1.8333,59.09,94,67,16.33
124,Kutum,SD,2022-05-26 23:35:58,14.2,24.6667,73.71,11,7,8.93
125,Adrar,MR,2022-05-26 23:35:58,20.5022,-10.0711,88.63,25,70,14.14
126,Achit,RU,2022-05-26 23:35:59,56.7985,57.8994,38.97,91,3,2.86
127,Tibu,CO,2022-05-26 23:35:59,8.639,-72.7358,78.49,79,100,1.36
128,Leningradskiy,RU,2022-05-26 23:35:59,69.3833,178.4167,34.99,84,100,4.72
129,Gat,IL,2022-05-26 23:36:00,31.61,34.7642,77.4,74,6,5.32
130,Cap Malheureux,MU,2022-05-26 23:36:00,-19.9842,57.6142,70.47,76,0,4.0
131,Zeya,RU,2022-05-26 23:36:00,53.75,127.2667,68.81,42,100,8.59
132,Douentza,ML,2022-05-26 23:36:01,14.9951,-2.9517,90.54,35,64,2.55
133,Malanje,AO,2022-05-26 23:36:01,-9.5402,16.341,59.09,63,0,3.6
134,Poum,NC,2022-05-26 23:36:01,-20.2333,164.0167,77.31,80,100,15.5
135,Fontenay-Le-Comte,FR,2022-05-26 23:36:02,46.5833,-1.0,60.44,96,11,6.87
136,Huarmey,PE,2022-05-26 23:37:02,-10.0681,-78.1522,64.31,85,56,8.48
137,New Norfolk,AU,2022-05-26 23:37:02,-42.7826,147.0587,54.72,79,75,1.99
138,Qaanaaq,GL,2022-05-26 23:37:03,77.484,-69.3632,29.23,75,4,1.23
139,Orcopampa,PE,2022-05-26 23:37:03,-15.2661,-72.3417,46.04,44,43,3.13
140,Flinders,AU,2022-05-26 23:37:03,-34.5833,150.8552,65.05,80,76,2.04
141,Iqaluit,CA,2022-05-26 23:37:04,63.7506,-68.5145,20.93,73,100,10.36
142,Areka,ET,2022-05-26 23:37:04,7.0667,37.7,59.83,90,65,2.24
143,Challapata,BO,2022-05-26 23:37:05,-18.9,-66.7667,44.28,23,0,3.53
144,Hambantota,LK,2022-05-26 23:37:05,6.1241,81.1185,79.66,81,92,16.71
145,Arman,RU,2022-05-26 23:37:05,59.7,150.1667,41.02,99,100,4.56
146,Male,MV,2022-05-26 23:37:06,4.1748,73.5089,82.35,78,75,13.8
147,Cabo San Lucas,MX,2022-05-26 23:32:47,22.8909,-109.9124,87.1,48,0,5.75
148,Nikolskoye,RU,2022-05-26 23:37:06,59.7035,30.7861,51.87,99,100,2.91
149,Kuzhorskaya,RU,2022-05-26 23:37:07,44.6751,40.3103,49.75,82,94,3.8
150,Honiara,SB,2022-05-26 23:37:07,-9.4333,159.95,82.62,74,87,4.05
151,Bondo,CD,2022-05-26 23:37:07,3.8146,23.6866,68.04,95,46,1.59
152,Bathsheba,BB,2022-05-26 23:37:08,13.2167,-59.5167,81.21,74,20,14.97
153,Ponta Do Sol,PT,2022-05-26 23:37:08,32.6667,-17.1,66.83,62,82,2.75
154,Faanui,PF,2022-05-26 23:37:08,-16.4833,-151.75,80.85,72,7,16.24
155,Kharitonovo,RU,2022-05-26 23:37:09,61.4009,47.4978,40.33,96,88,4.76
156,Bethel,US,2022-05-26 23:35:48,41.3712,-73.414,66.63,74,100,9.22
157,Aripuana,BR,2022-05-26 23:37:09,-9.1667,-60.6333,77.94,60,63,2.37
158,Katherine,AU,2022-05-26 23:37:09,-14.4667,132.2667,71.92,64,13,6.91
159,San Carlos De Bariloche,AR,2022-05-26 23:35:25,-41.1456,-71.3082,32.25,80,0,5.75
160,Muisne,EC,2022-05-26 23:37:10,0.6,-80.0333,76.91,85,92,4.97
161,Lagoa,PT,2022-05-26 23:37:10,39.05,-27.9833,62.04,83,97,19.53
162,Athabasca,CA,2022-05-26 23:33:14,54.7169,-113.2854,68.41,43,66,3.65
163,Qaqortoq,GL,2022-05-26 23:37:11,60.7167,-46.0333,33.48,93,100,6.91
164,Alofi,NU,2022-05-26 23:37:11,-19.0595,-169.9187,82.29,74,75,12.66
165,Nizhniy Kuranakh,RU,2022-05-26 23:37:12,58.8353,125.4869,42.78,69,100,13.09
166,Dargaville,NZ,2022-05-26 23:37:12,-35.9333,173.8833,60.33,79,82,8.12
167,Codrington,AU,2022-05-26 23:37:12,-38.2667,141.9667,52.3,87,98,5.57
168,Esperance,AU,2022-05-26 23:37:13,-33.8667,121.9,57.63,73,3,5.39
169,Porto De Moz,BR,2022-05-26 23:37:13,-1.7483,-52.2383,72.95,96,39,3.71
170,Ballina,AU,2022-05-26 23:37:13,-28.8667,153.5667,63.79,83,48,8.34
171,Fort Nelson,CA,2022-05-26 23:37:14,58.8053,-122.7002,62.19,36,40,4.61
172,Sao Filipe,CV,2022-05-26 23:37:14,14.8961,-24.4956,72.36,80,39,5.28
173,Cherskiy,RU,2022-05-26 23:37:14,68.75,161.3,41.9,52,86,16.26
174,Kamskoye Ustye,RU,2022-05-26 23:37:15,55.2016,49.268,50.0,84,100,15.86
175,La Ronge,CA,2022-05-26 23:37:15,55.1001,-105.2842,59.22,44,40,10.36
176,Hilo,US,2022-05-26 23:35:33,19.7297,-155.09,90.28,63,75,9.22
177,Shatsk,RU,2022-05-26 23:37:15,54.0258,41.7119,50.23,95,100,16.24
178,Kloulklubed,PW,2022-05-26 23:37:16,7.0419,134.2556,75.7,77,59,11.14
179,Juba,SS,2022-05-26 23:38:16,4.8517,31.5825,70.14,87,96,1.88
180,Juneau,US,2022-05-26 23:38:17,58.3019,-134.4197,62.6,73,40,12.66
181,Ahipara,NZ,2022-05-26 23:38:17,-35.1667,173.1667,62.98,62,44,4.09
182,Tilichiki,RU,2022-05-26 23:38:17,60.4667,166.1,40.26,91,100,3.58
183,Shenkursk,RU,2022-05-26 23:38:18,62.1091,42.896,40.33,98,100,5.53
184,Zabid,YE,2022-05-26 23:38:18,14.1951,43.3152,83.25,74,15,2.21
185,Yarada,IN,2022-05-26 23:38:19,17.65,83.2667,75.52,88,100,5.75
186,San Lawrenz,MT,2022-05-26 23:38:19,36.0553,14.204,69.85,83,90,11.01
187,Khatanga,RU,2022-05-26 23:38:19,71.9667,102.5,32.13,67,77,7.14
188,San Quintin,MX,2022-05-26 23:38:20,30.4833,-115.95,66.81,68,1,10.69
189,Margate,GB,2022-05-26 23:35:38,51.3813,1.3862,59.88,84,61,3.0
190,Grand Gaube,MU,2022-05-26 23:38:20,-20.0064,57.6608,70.38,76,0,4.0
191,Chuy,UY,2022-05-26 23:38:20,-33.6971,-53.4616,57.85,89,100,8.97
192,Bokovskaya,RU,2022-05-26 23:38:21,49.229,41.8306,55.15,82,100,15.23
193,Machali,CL,2022-05-26 23:38:21,-34.1833,-70.6667,53.74,65,100,1.3
194,Bairiki,KI,2022-05-26 23:38:21,1.3292,172.9752,86.0,70,75,8.05
195,Manaus,BR,2022-05-26 23:38:22,-3.1019,-60.025,84.7,70,0,4.61
196,Severo-Kurilsk,RU,2022-05-26 23:38:22,50.6789,156.125,43.38,80,25,1.36
197,Goure,NE,2022-05-26 23:38:22,13.9835,10.2704,81.73,12,0,5.32
198,Saint-Philippe,RE,2022-05-26 23:38:23,-21.3585,55.7679,69.39,73,6,0.34
199,Talcahuano,CL,2022-05-26 23:38:23,-36.7167,-73.1167,46.08,76,63,4.61
200,Saint George,US,2022-05-26 23:37:41,37.1041,-113.5841,100.63,9,0,14.97
201,Tasiilaq,GL,2022-05-26 23:38:23,65.6145,-37.6368,35.76,72,93,4.45
202,Baruun-Urt,MN,2022-05-26 23:38:24,46.6806,113.2792,67.8,16,86,12.8
203,Skjervoy,NO,2022-05-26 23:38:24,70.0311,20.9714,42.8,61,86,18.12
204,Bayan,CN,2022-05-26 23:38:24,46.0833,127.4,57.63,77,78,4.9
205,Waingapu,ID,2022-05-26 23:38:25,-9.6567,120.2641,81.1,72,100,9.75
206,Kalakamati,BW,2022-05-26 23:38:25,-20.5929,27.3121,59.25,30,0,7.29
207,Kamenka,RU,2022-05-26 23:38:25,51.3223,42.7678,51.67,91,98,18.21
208,Fukue,JP,2022-05-26 23:38:26,32.6881,128.8419,70.16,60,0,6.91
209,Bolshaya Glushitsa,RU,2022-05-26 23:38:26,50.2406,43.5908,54.95,76,99,15.95
210,Alekseyevsk,RU,2022-05-26 23:38:26,57.8406,108.3492,43.63,73,55,9.93
211,Aksu,CN,2022-05-26 23:38:27,41.1231,80.2644,73.63,28,36,4.12
212,Charcas,MX,2022-05-26 23:38:27,23.1333,-101.1167,80.1,26,12,19.15
213,Campbeltown,GB,2022-05-26 23:38:27,55.4258,-5.6076,51.85,79,22,25.95
214,Sinnamary,GF,2022-05-26 23:38:28,5.3833,-52.95,78.44,83,69,10.33
215,Haines Junction,CA,2022-05-26 23:38:28,60.7522,-137.5108,58.95,36,68,5.75
216,Sao Joao Da Barra,BR,2022-05-26 23:38:28,-21.6403,-41.0511,71.08,76,2,8.55
217,Chitral,PK,2022-05-26 23:38:29,35.8462,71.7858,69.06,46,8,1.34
218,Ylivieska,FI,2022-05-26 23:38:29,64.0833,24.55,47.88,97,99,3.6
219,Katsuura,JP,2022-05-26 23:38:30,35.1333,140.3,69.82,92,100,24.9
220,Dwarka,IN,2022-05-26 23:38:30,22.2394,68.9678,81.75,82,20,22.17
221,Vung Tau,VN,2022-05-26 23:38:30,10.346,107.0843,81.82,81,100,16.17
222,Panaba,MX,2022-05-26 23:38:31,21.2833,-88.2667,86.11,57,100,14.38
223,Lerwick,GB,2022-05-26 23:38:31,60.1545,-1.1494,46.4,77,57,18.79
224,Hithadhoo,MV,2022-05-26 23:38:31,-0.6,73.0833,83.44,70,13,11.41
225,Antalaha,MG,2022-05-26 23:38:32,-14.9003,50.2788,70.07,90,16,5.28
226,Hurricane,US,2022-05-26 23:37:55,37.1753,-113.2899,98.71,9,71,16.8
227,Bani,DO,2022-05-26 23:39:32,18.2833,-70.3333,78.85,80,41,9.89
228,Salalah,OM,2022-05-26 23:39:33,17.0151,54.0924,84.29,79,75,5.75
229,Tazovskiy,RU,2022-05-26 23:39:33,67.4667,78.7,39.31,65,79,8.1
230,Pittsburg,US,2022-05-26 23:37:04,38.028,-121.8847,77.25,57,0,13.8
231,Kabo,CF,2022-05-26 23:39:33,7.6994,18.629,71.89,90,90,4.07
232,Keelung,TW,2022-05-26 23:39:34,25.1283,121.7419,77.05,94,100,5.93
233,Strezhevoy,RU,2022-05-26 23:39:34,60.7333,77.5889,55.2,58,16,8.63
234,Vanavara,RU,2022-05-26 23:39:35,60.34,102.2797,43.68,54,15,8.95
235,Carolina,PR,2022-05-26 23:39:35,18.3808,-65.9574,82.29,83,40,12.66
236,Airai,TL,2022-05-26 23:39:35,-8.9266,125.4092,66.02,74,98,3.67
237,Adre,TD,2022-05-26 23:39:36,13.4667,22.2,78.6,11,71,8.43
238,Buenos Aires,AR,2022-05-26 23:37:34,-34.6132,-58.3772,53.33,77,75,14.97
239,Mareeba,AU,2022-05-26 23:39:36,-17.0,145.4333,72.48,81,2,3.69
240,Touros,BR,2022-05-26 23:39:36,-5.1989,-35.4608,78.12,80,89,12.3
241,Orange Cove,US,2022-05-26 23:39:37,36.6244,-119.3137,101.61,10,15,10.63
242,Forbes,AU,2022-05-26 23:39:37,-33.3833,148.0167,59.68,76,59,2.8
243,Elk City,US,2022-05-26 23:39:38,35.412,-99.4043,79.02,29,0,16.11
244,Aldan,RU,2022-05-26 23:39:38,58.6031,125.3894,37.78,80,100,16.58
245,Bambous Virieux,MU,2022-05-26 23:39:38,-20.3428,57.7575,70.21,88,20,5.75
246,Puerto Baquerizo Moreno,EC,2022-05-26 23:39:39,-0.9,-89.6,71.46,76,78,9.53
247,Sikonge,TZ,2022-05-26 23:39:39,-5.6333,32.7667,68.27,63,68,3.8
248,Bilma,NE,2022-05-26 23:39:39,18.6853,12.9164,87.66,10,0,6.46
249,Astana,KZ,2022-05-26 23:35:17,51.1801,71.446,51.75,71,0,11.18
250,Fare,PF,2022-05-26 23:39:40,-16.7,-151.0167,80.96,71,1,15.46
251,Butaritari,KI,2022-05-26 23:39:40,3.0707,172.7902,80.58,74,98,6.67
252,Krasnoselkup,RU,2022-05-26 23:39:41,65.7,82.4667,46.92,54,0,7.16
253,Show Low,US,2022-05-26 23:39:41,34.2542,-110.0298,86.61,9,0,13.8
254,Mamallapuram,IN,2022-05-26 23:39:41,12.6264,80.1722,84.25,70,68,12.3
255,Taoudenni,ML,2022-05-26 23:39:42,22.6783,-3.9836,95.99,18,15,12.71
256,Podgornoye,RU,2022-05-26 23:39:42,51.735,39.1496,53.82,82,0,11.18
257,Ilam,NP,2022-05-26 23:39:42,26.9167,87.9167,65.19,81,2,3.91
258,Takoradi,GH,2022-05-26 23:39:43,4.8845,-1.7554,77.34,85,35,3.67
259,Okha,RU,2022-05-26 23:39:43,53.5739,142.9478,41.41,80,62,10.69
260,Fairbanks,US,2022-05-26 23:35:02,64.8378,-147.7164,68.59,35,75,19.57
261,Gisborne,NZ,2022-05-26 23:39:44,-38.6533,178.0042,54.27,68,72,5.64
262,Saint Anthony,US,2022-05-26 23:39:44,45.0205,-93.218,60.26,69,100,9.22
263,Moose Factory,CA,2022-05-26 23:39:45,51.2585,-80.6094,53.6,87,100,10.36
264,San Cristobal,VE,2022-05-26 23:39:45,7.7669,-72.225,77.18,97,100,3.29
265,Hami,CN,2022-05-26 23:39:45,42.8,93.45,80.6,29,61,11.39
266,Salihorsk,BY,2022-05-26 23:39:46,52.7876,27.5415,48.15,88,57,14.32
267,Trincomalee,LK,2022-05-26 23:39:46,8.5711,81.2335,80.33,81,62,19.26
268,Saskylakh,RU,2022-05-26 23:39:46,71.9167,114.0833,30.49,95,100,10.31
269,Asekeyevo,RU,2022-05-26 23:39:47,53.5742,52.7972,44.83,82,97,6.82
270,Vostok,RU,2022-05-26 23:39:47,46.4856,135.8833,60.01,65,64,5.44
271,Anchorage,US,2022-05-26 23:39:02,61.2181,-149.9003,68.86,43,0,9.22
272,Bogorodskoye,RU,2022-05-26 23:39:48,56.55,37.8833,48.63,98,100,4.54
273,Punta De Bombon,PE,2022-05-26 23:39:48,-17.1717,-71.7931,63.52,82,9,3.2
274,Swiecie,PL,2022-05-26 23:40:48,53.4095,18.4474,57.58,66,71,1.99
275,Lao Cai,VN,2022-05-26 23:40:49,22.4833,103.95,79.52,90,100,0.27
276,Arraial Do Cabo,BR,2022-05-26 23:36:09,-22.9661,-42.0278,72.75,77,0,19.62
277,Balabac,PH,2022-05-26 23:40:49,7.9868,117.0645,79.88,85,100,11.9
278,Brookside,US,2022-05-26 23:40:49,39.6671,-75.7269,70.11,85,100,12.66
279,Clyde River,CA,2022-05-26 23:40:50,70.4692,-68.5914,19.63,68,75,16.11
280,Liverpool,GB,2022-05-26 23:40:50,53.4106,-2.9779,55.35,72,20,12.66
281,Alta,NO,2022-05-26 23:40:51,69.9689,23.2717,51.19,56,40,0.0
282,Port Blair,IN,2022-05-26 23:40:51,11.6667,92.75,80.64,89,75,8.05
283,Sept-Iles,CA,2022-05-26 23:40:52,50.2001,-66.3821,49.05,63,100,3.44
284,Bereznik,RU,2022-05-26 23:40:52,62.8551,42.7072,41.04,97,100,5.88
285,Kokopo,PG,2022-05-26 23:40:52,-4.352,152.2633,82.87,69,100,5.1
286,Port Moresby,PG,2022-05-26 23:40:53,-9.4431,147.1797,81.82,69,20,3.44
287,Kurilsk,RU,2022-05-26 23:40:53,45.2333,147.8833,58.53,73,73,10.63
288,Cascais,PT,2022-05-26 23:40:54,38.6979,-9.4215,74.55,48,38,3.0
289,Wanning,CN,2022-05-26 23:40:54,18.8003,110.3967,82.62,81,95,6.46
290,Morehead,US,2022-05-26 23:40:54,37.2711,-87.1764,71.35,86,75,13.8
291,Kyshtovka,RU,2022-05-26 23:40:55,56.555,76.6271,57.69,60,2,9.91
292,Sur,OM,2022-05-26 23:40:55,22.5667,59.5289,88.02,43,0,14.43
293,Farafangana,MG,2022-05-26 23:40:55,-22.8167,47.8333,69.64,92,18,7.43
294,Banjar,ID,2022-05-26 23:40:56,-8.19,114.9675,77.07,87,100,8.08
295,Saint-Francois,FR,2022-05-26 23:40:56,46.4154,3.9054,53.67,94,100,2.3
296,Siverek,TR,2022-05-26 23:40:57,37.755,39.3167,62.64,28,0,3.71
297,Wana,PK,2022-05-26 23:40:57,32.2989,69.5725,71.35,33,19,1.83
298,Comodoro Rivadavia,AR,2022-05-26 23:40:57,-45.8667,-67.5,40.86,52,0,10.36
299,Yamada,JP,2022-05-26 23:40:58,39.4667,141.95,60.76,95,100,13.58
300,Vardo,NO,2022-05-26 23:40:58,70.3705,31.1107,40.98,87,100,10.36
301,Tefe,BR,2022-05-26 23:40:58,-3.3542,-64.7114,86.11,74,0,0.0
302,Sakakah,SA,2022-05-26 23:40:59,29.9697,40.2064,76.57,20,0,9.37
303,Half Moon Bay,US,2022-05-26 23:40:59,37.4636,-122.4286,74.05,73,100,11.5
304,Venado,MX,2022-05-26 23:40:59,22.9333,-101.0833,82.81,28,28,21.54
305,Akropong,GH,2022-05-26 23:41:00,5.9746,-0.0854,74.35,95,89,3.44
306,Lavrentiya,RU,2022-05-26 23:41:00,65.5833,-171.0,35.24,92,73,3.44
307,Homa Bay,KE,2022-05-26 23:41:00,-0.5273,34.4571,64.67,86,97,4.41
308,Bonavista,CA,2022-05-26 23:41:01,48.6499,-53.1147,37.72,70,17,10.65
309,Nemuro,JP,2022-05-26 23:41:01,43.3236,145.575,51.96,94,79,15.9
310,Plettenberg Bay,ZA,2022-05-26 23:41:01,-34.0527,23.3716,56.61,86,10,1.97
311,Maniitsoq,GL,2022-05-26 23:41:02,65.4167,-52.9,29.62,74,100,13.82
312,Constitucion,CL,2022-05-26 23:41:02,-35.3333,-72.4167,48.97,72,84,6.55
313,Vanimo,PG,2022-05-26 23:41:03,-2.6741,141.3028,83.52,70,93,1.77
314,Necochea,AR,2022-05-26 23:41:03,-38.5473,-58.7368,46.58,59,100,7.2
315,Kawalu,ID,2022-05-26 23:41:03,-7.3817,108.2082,73.2,82,82,1.3
316,Christiana,ZA,2022-05-26 23:41:04,-27.914,25.1611,56.03,47,0,5.95
317,Upernavik,GL,2022-05-26 23:41:04,72.7868,-56.1549,31.55,88,19,13.04
318,Nouadhibou,MR,2022-05-26 23:41:05,20.931,-17.0347,67.98,83,5,13.8
319,Racale,IT,2022-05-26 23:41:05,39.9631,18.0938,66.07,66,23,2.62
320,Hamilton,US,2022-05-26 23:37:13,39.1834,-84.5333,68.88,95,100,9.22
321,Novodugino,RU,2022-05-26 23:42:05,55.6305,34.2842,42.62,98,67,6.76
322,Manaure,CO,2022-05-26 23:42:06,11.7751,-72.4445,85.35,64,72,19.19
323,Komsomolskiy,UZ,2022-05-26 23:42:06,40.4272,71.7189,70.52,56,85,4.61
324,Yumen,CN,2022-05-26 23:42:07,40.2833,97.2,69.58,32,100,10.98
325,Sorland,NO,2022-05-26 23:42:07,67.667,12.6934,48.06,88,95,12.03
326,Wum,CM,2022-05-26 23:42:07,6.3833,10.0667,64.26,97,100,4.23
327,Elbistan,TR,2022-05-26 23:42:08,38.2059,37.1983,58.73,56,1,3.27
328,Xai-Xai,MZ,2022-05-26 23:42:08,-25.0519,33.6442,68.31,91,1,6.15
329,Urumqi,CN,2022-05-26 23:42:09,43.801,87.6005,68.95,53,0,4.47
330,Walvis Bay,NA,2022-05-26 23:42:09,-22.9575,14.5053,54.09,100,0,4.61
331,Korla,CN,2022-05-26 23:42:09,41.7597,86.1469,77.52,28,87,12.26
332,Kaabong,UG,2022-05-26 23:42:10,3.4836,34.1492,64.04,79,76,3.33
333,Svetlyy,RU,2022-05-26 23:42:10,54.675,20.1347,51.85,81,10,18.3
334,Molina,CL,2022-05-26 23:42:10,-35.1167,-71.2833,47.37,100,100,2.3
335,Pandhurna,IN,2022-05-26 23:42:11,21.6,78.5167,87.19,34,81,6.51
336,Manicore,BR,2022-05-26 23:42:11,-5.8092,-61.3003,78.75,94,0,0.0
337,Kiunga,PG,2022-05-26 23:42:12,-6.1219,141.2906,82.96,68,52,3.6
338,Erenhot,CN,2022-05-26 23:42:12,43.6475,111.9767,68.68,13,74,19.48
339,Ayan,RU,2022-05-26 23:42:12,56.45,138.1667,39.33,94,100,6.96
340,Millinocket,US,2022-05-26 23:42:13,45.6573,-68.7098,60.91,44,0,6.91
341,Brae,GB,2022-05-26 23:42:13,60.3964,-1.353,46.51,77,32,18.39
342,Riyadh,SA,2022-05-26 23:42:14,24.6877,46.7219,82.54,18,27,12.46
343,Pangnirtung,CA,2022-05-26 23:42:14,66.1451,-65.7125,11.95,84,64,3.15
344,Kadom,RU,2022-05-26 23:42:14,54.5592,42.4675,50.27,96,100,12.44
345,Lajas,PR,2022-05-26 23:42:15,18.05,-67.0593,80.19,77,48,5.99
346,Leonding,AT,2022-05-26 23:42:16,48.2799,14.2547,57.31,78,75,4.61
347,Bow Island,CA,2022-05-26 23:42:16,49.8668,-111.3684,73.69,18,95,11.5
348,Preobrazheniye,RU,2022-05-26 23:42:16,42.9019,133.9064,55.6,77,87,11.12
349,De-Kastri,RU,2022-05-26 23:42:17,51.4667,140.7833,45.72,88,100,5.75
350,Santa Rosa,PH,2022-05-26 23:42:17,14.3122,121.1114,86.09,83,100,2.93
351,Sabang,ID,2022-05-26 23:42:17,5.8933,95.3214,84.22,71,99,17.27
352,Carauari,BR,2022-05-26 23:42:18,-4.8828,-66.8958,75.43,93,98,1.16
353,Bengkulu,ID,2022-05-26 23:42:19,-3.8004,102.2655,76.37,81,69,4.61
354,Ancud,CL,2022-05-26 23:42:19,-41.8697,-73.8203,43.86,84,60,4.27
355,Mariani,IN,2022-05-26 23:42:20,26.6667,94.3333,75.13,90,40,1.05
356,Omboue,GA,2022-05-26 23:42:20,-1.5746,9.2618,74.73,88,100,5.32
357,Yar-Sale,RU,2022-05-26 23:42:20,66.8333,70.8333,47.08,59,99,16.62
358,Shvartsevskiy,RU,2022-05-26 23:42:21,54.0961,37.9917,48.49,93,100,21.21
359,Gulbarga,IN,2022-05-26 23:42:21,17.3333,76.8333,80.62,56,49,13.98
360,Urusha,RU,2022-05-26 23:42:22,54.05,122.9,66.52,34,95,4.94
361,Marialva,BR,2022-05-26 23:42:22,-23.485,-51.7917,66.67,67,63,6.24
362,Quilmana,PE,2022-05-26 23:43:22,-12.95,-76.3833,64.76,84,57,4.23
363,West Wendover,US,2022-05-26 23:43:23,40.7391,-114.0733,90.61,11,0,8.05
364,Banikoara,BJ,2022-05-26 23:43:23,11.2985,2.4386,81.63,58,8,6.78
365,Yei,SS,2022-05-26 23:43:23,4.095,30.6779,66.96,82,82,1.45
366,Souillac,MU,2022-05-26 23:43:24,-20.5167,57.5167,66.58,88,20,5.75
367,Samarai,PG,2022-05-26 23:43:24,-10.6167,150.6667,80.82,76,100,13.73
368,Los Llanos De Aridane,ES,2022-05-26 23:43:24,28.6585,-17.9182,64.15,84,100,5.75
369,Amapa,BR,2022-05-26 23:43:25,1.0,-52.0,71.29,100,100,0.74
370,Rosarito,MX,2022-05-26 23:43:25,32.3333,-117.0333,73.63,70,34,6.55
371,Henties Bay,NA,2022-05-26 23:43:25,-22.116,14.2845,58.06,87,0,4.54
372,Kontagora,NG,2022-05-26 23:43:26,10.3999,5.4695,79.12,67,38,8.19
373,Westport,US,2022-05-26 23:38:51,41.1415,-73.3579,67.55,82,20,6.91
374,Sioux Lookout,CA,2022-05-26 23:43:26,50.1001,-91.917,59.07,55,75,5.75
375,Chone,EC,2022-05-26 23:43:27,-0.6833,-80.1,75.61,90,85,4.41
376,Petropavlovsk-Kamchatskiy,RU,2022-05-26 23:43:27,53.0452,158.6483,48.79,66,75,6.71
377,Hienghene,NC,2022-05-26 23:43:27,-20.6833,164.9333,76.75,74,99,5.03
378,Taiyuan,CN,2022-05-26 23:43:27,37.8694,112.5603,60.66,41,0,2.24
379,Kahului,US,2022-05-26 23:43:28,20.8947,-156.47,84.22,57,40,24.16
380,Kruisfontein,ZA,2022-05-26 23:43:28,-34.0033,24.7314,50.88,91,28,4.5
381,Praia Da Vitoria,PT,2022-05-26 23:43:28,38.7333,-27.0667,63.75,88,40,11.21
382,Vestmannaeyjar,IS,2022-05-26 23:43:29,63.4427,-20.2734,47.64,73,11,14.09
383,Cervo,ES,2022-05-26 23:43:29,43.6702,-7.4101,60.96,91,37,13.38
384,Hays,US,2022-05-26 23:43:30,30.0502,-98.0336,94.53,28,0,8.68
385,Ilhabela,BR,2022-05-26 23:43:30,-23.7781,-45.3581,68.74,78,3,5.3
386,Dingle,PH,2022-05-26 23:43:30,10.9995,122.6711,81.41,77,99,3.8
387,Te Anau,NZ,2022-05-26 23:43:31,-45.4167,167.7167,47.21,64,15,1.45
388,Sitka,US,2022-05-26 23:43:31,57.0531,-135.33,60.69,51,40,8.05
389,Tura,IN,2022-05-26 23:43:32,25.5198,90.2201,70.27,94,1,4.0
390,Puerto Cabezas,NI,2022-05-26 23:43:32,14.0351,-83.3888,84.16,89,75,6.91
391,Burgeo,CA,2022-05-26 23:41:36,47.6167,-57.6152,49.93,57,91,9.46
392,Andenes,NO,2022-05-26 23:43:32,69.3143,16.1194,46.38,81,88,2.3
393,Antofagasta,CL,2022-05-26 23:43:33,-23.65,-70.4,58.28,81,95,5.08
394,Herat,AF,2022-05-26 23:43:33,34.5,62.0,61.92,40,0,14.05
395,Minden,DE,2022-05-26 23:43:34,52.2833,8.9167,59.22,89,100,11.5
396,Ketchikan,US,2022-05-26 23:38:55,55.3422,-131.6461,59.47,47,40,6.91
397,Sturgis,US,2022-05-26 23:43:34,41.7992,-85.4192,69.94,86,75,6.91
398,Bereda,ES,2022-05-26 23:43:35,43.2686,-7.5406,54.57,96,76,5.61
399,Isangel,VU,2022-05-26 23:43:35,-19.55,169.2667,81.03,68,1,4.5
400,Asau,RO,2022-05-26 23:43:35,46.4333,26.4,54.52,85,6,6.64
401,College,US,2022-05-26 23:41:31,64.8569,-147.8028,68.58,36,75,19.57
402,Belyy Yar,RU,2022-05-26 23:43:36,53.6039,91.3903,57.09,57,0,4.47
403,Prince Rupert,CA,2022-05-26 23:43:36,54.3161,-130.3201,57.29,68,0,11.5
404,Weligama,LK,2022-05-26 23:43:37,5.9667,80.4167,78.4,87,84,10.51
405,Bugiri,UG,2022-05-26 23:43:37,0.5714,33.7417,64.71,86,100,2.06
406,Masterton,NZ,2022-05-26 23:43:37,-40.9597,175.6575,52.88,83,88,2.86
407,Bandarbeyla,SO,2022-05-26 23:44:38,9.4942,50.8122,79.47,87,74,20.13
408,Saldanha,ZA,2022-05-26 23:44:38,-33.0117,17.9442,53.65,86,0,7.83
409,Paamiut,GL,2022-05-26 23:44:39,61.994,-49.6678,31.01,87,100,11.12
410,North Battleford,CA,2022-05-26 23:44:39,52.7834,-108.2847,71.69,28,75,9.22
411,Acajutla,SV,2022-05-26 23:44:40,13.5928,-89.8275,81.95,78,100,6.26
412,Hatton,LK,2022-05-26 23:44:40,6.8916,80.5955,61.41,97,100,3.36
413,Sterling,US,2022-05-26 23:42:10,39.0062,-77.4286,70.77,86,100,7.0
414,Caxito,AO,2022-05-26 23:44:40,-8.5785,13.6643,66.63,96,1,2.44
415,Abu Dhabi,AE,2022-05-26 23:43:14,24.4667,54.3667,89.62,50,0,13.8
416,Lasa,IT,2022-05-26 23:44:41,46.6166,10.7002,59.88,95,58,3.06
417,Moranbah,AU,2022-05-26 23:44:41,-22.0016,148.0466,70.7,60,0,9.98
418,Samarkand,UZ,2022-05-26 23:44:41,39.6542,66.9597,67.42,52,75,13.8
419,Grand Forks,US,2022-05-26 23:44:42,47.9417,-97.4337,73.33,35,20,9.22
420,Sao Pedro Do Piaui,BR,2022-05-26 23:44:42,-5.9294,-42.7186,74.91,72,88,4.25
421,Palmer,US,2022-05-26 23:41:26,42.1584,-72.3287,66.81,65,75,16.11
422,Ponta Delgada,PT,2022-05-26 23:44:43,37.7333,-25.6667,61.52,88,40,6.91
423,Camacha,PT,2022-05-26 23:44:43,33.0833,-16.3333,60.22,77,20,8.05
424,Muravlenko,RU,2022-05-26 23:44:43,63.7898,74.523,54.21,53,41,14.58
425,Trairi,BR,2022-05-26 23:43:03,-3.2778,-39.2689,76.48,85,2,6.51
426,Hofn,IS,2022-05-26 23:44:44,64.2539,-15.2082,44.62,74,81,13.85
427,Mount Pleasant,US,2022-05-26 23:44:44,32.7941,-79.8626,79.0,89,0,14.97
428,Mana,GF,2022-05-26 23:44:44,5.6592,-53.7767,77.59,88,57,9.04
429,Naze,JP,2022-05-26 23:42:57,28.3667,129.4833,67.12,82,100,6.11
430,Ariquemes,BR,2022-05-26 23:44:45,-9.9133,-63.0408,77.7,71,80,3.29
431,Blagoyevo,RU,2022-05-26 23:44:45,63.3667,47.9167,38.62,96,82,6.29
432,Karpathos,GR,2022-05-26 23:44:45,35.507,27.2132,71.56,73,0,9.22
433,Kamaishi,JP,2022-05-26 23:44:46,39.2667,141.8833,60.24,97,100,12.17
434,Pisco,PE,2022-05-26 23:44:46,-13.7,-76.2167,63.01,82,75,5.75
435,Methoni,GR,2022-05-26 23:44:47,36.8197,21.7049,71.22,53,11,9.19
436,San Lorenzo,PY,2022-05-26 23:42:40,-25.3333,-57.5333,68.94,82,75,7.0
437,Talas,TR,2022-05-26 23:44:47,38.6908,35.5538,50.67,71,0,4.61
438,Belaya Gora,RU,2022-05-26 23:44:48,68.5333,146.4167,39.38,50,98,7.4
439,Baturinskaya,RU,2022-05-26 23:44:48,45.7927,39.3707,56.57,74,100,7.11
440,Ippy,CF,2022-05-26 23:44:48,6.2679,21.2247,68.31,97,88,3.18
441,Lacolle,CA,2022-05-26 23:44:49,45.0834,-73.3659,73.65,74,100,15.41
442,Assens,DK,2022-05-26 23:44:49,55.2702,9.9008,53.92,88,78,19.84
443,Tual,ID,2022-05-26 23:44:49,-5.6667,132.75,83.75,75,99,17.74
444,Axim,GH,2022-05-26 23:44:50,4.8699,-2.2405,77.2,85,41,4.47
445,Zheleznodorozhnyy,RU,2022-05-26 23:44:50,55.7503,38.0042,52.14,95,100,7.47
446,Doha,QA,2022-05-26 23:44:50,25.2867,51.5333,91.38,21,0,13.8
447,Quelimane,MZ,2022-05-26 23:44:51,-17.8786,36.8883,71.55,88,0,3.44
448,Alta Floresta,BR,2022-05-26 23:44:51,-9.8756,-56.0861,72.45,60,31,4.05
449,Cabedelo,BR,2022-05-26 23:44:51,-6.9811,-34.8339,75.87,83,15,13.42
450,Salisbury,GB,2022-05-26 23:44:52,51.0693,-1.7957,58.53,87,75,16.11
451,Imeni Poliny Osipenko,RU,2022-05-26 23:44:52,52.4201,136.4853,59.88,61,100,3.67
452,Chadiza,ZM,2022-05-26 23:44:53,-14.0678,32.4392,58.28,71,0,2.71
453,Wilhelmshaven,DE,2022-05-26 23:44:53,53.5167,8.1333,57.99,92,71,15.61
454,Nelson,NZ,2022-05-26 23:45:53,-41.2833,173.2833,52.29,83,0,1.9
455,Meridian,US,2022-05-26 23:45:13,43.6121,-116.3915,87.85,26,0,10.36
456,Zhigansk,RU,2022-05-26 23:45:54,66.7697,123.3711,35.2,63,13,24.45
457,Shihezi,CN,2022-05-26 23:45:12,44.3,86.0333,75.11,43,58,7.07
458,Youkounkoun,GN,2022-05-26 23:45:54,12.5333,-13.1333,79.84,67,78,2.64
459,Pavlodolskaya,RU,2022-05-26 23:45:55,43.7192,44.4781,53.01,76,79,3.6
460,Maningrida,AU,2022-05-26 23:45:55,-12.0667,134.2667,79.59,60,87,13.24
461,Wasilla,US,2022-05-26 23:45:51,61.5814,-149.4394,69.66,40,0,6.91
462,Etawah,IN,2022-05-26 23:44:55,26.7769,79.0239,87.8,30,13,2.19
463,Eureka,US,2022-05-26 23:45:56,40.8021,-124.1637,80.74,77,100,4.29
464,Sisimiut,GL,2022-05-26 23:45:56,66.9395,-53.6735,29.57,90,100,8.99
465,Nyagan,RU,2022-05-26 23:45:56,62.1406,65.3936,55.29,96,98,5.68
466,The Valley,AI,2022-05-26 23:41:16,18.217,-63.0578,80.74,74,20,10.36
467,San Joaquin,US,2022-05-26 23:45:57,37.9333,-121.3011,84.45,41,0,16.11
468,Bilibino,RU,2022-05-26 23:45:58,68.0546,166.4372,54.18,49,100,3.94
469,Benicarlo,ES,2022-05-26 23:45:58,40.4165,0.4271,68.9,66,2,2.75
470,Orlik,RU,2022-05-26 23:45:58,52.5178,99.825,46.98,64,27,5.06
471,Ocos,GT,2022-05-26 23:45:59,14.5094,-92.1933,78.3,86,100,11.77
472,Suluq,LY,2022-05-26 23:45:59,31.6682,20.2521,80.8,24,1,17.92
473,Hasaki,JP,2022-05-26 23:45:59,35.7333,140.8333,68.4,88,100,25.43
474,Ewo,CG,2022-05-26 23:46:00,-0.8725,14.8206,70.14,94,90,3.06
475,Rabo De Peixe,PT,2022-05-26 23:46:00,37.8,-25.5833,60.31,88,40,6.91
476,Halifax,CA,2022-05-26 23:41:06,44.6453,-63.5724,58.89,54,100,23.02
477,Kollam,IN,2022-05-26 23:46:01,8.8833,76.6,78.28,85,68,2.8
478,Wawa,NG,2022-05-26 23:45:14,9.9022,4.4192,79.95,70,6,8.97
479,Ouagadougou,BF,2022-05-26 23:42:20,12.3642,-1.5383,87.93,55,20,3.44
480,Sharjah,AE,2022-05-26 23:42:55,25.3573,55.4033,85.98,45,0,11.5
481,Bossangoa,CF,2022-05-26 23:46:02,6.4926,17.4552,70.02,96,78,1.9
482,Milkovo,RU,2022-05-26 23:46:03,54.7167,158.6167,49.64,63,99,2.93
483,Shelburne,CA,2022-05-26 23:41:39,44.0787,-80.2041,73.85,81,100,13.56
484,Boralday,KZ,2022-05-26 23:46:03,43.3578,76.8594,62.46,55,40,4.47
485,Yingcheng,CN,2022-05-26 23:46:04,30.95,113.55,70.23,66,99,1.39
486,Fushun,CN,2022-05-26 23:46:04,41.8558,123.9233,60.51,76,72,6.49
487,Porto Santo,PT,2022-05-26 23:46:05,33.072,-16.3415,62.98,77,20,8.05
488,La Libertad,EC,2022-05-26 23:46:05,-2.2333,-80.9,73.06,83,100,8.05
489,Russell,US,2022-05-26 23:46:05,32.3502,-85.1999,71.2,88,75,9.22
490,Muros,ES,2022-05-26 23:46:05,42.7762,-9.0603,61.07,73,41,8.84
491,Liberal,US,2022-05-26 23:46:06,37.0431,-100.921,83.44,23,0,10.36
492,Serebryansk,KZ,2022-05-26 23:46:06,49.6925,83.2892,66.24,76,100,1.92
493,Havoysund,NO,2022-05-26 23:46:07,70.9963,24.6622,52.03,67,66,13.09
494,Xichang,CN,2022-05-26 23:46:07,27.8964,102.2634,64.69,93,100,2.21
495,Vagur,FO,2022-05-26 23:46:07,61.4732,-6.8119,46.24,81,13,17.92
496,Kalmunai,LK,2022-05-26 23:46:08,7.4167,81.8167,78.24,79,88,3.29
497,Pokhara,NP,2022-05-26 23:45:07,28.2333,83.9833,68.56,56,18,6.89
498,Iralaya,HN,2022-05-26 23:46:08,15.0,-83.2333,80.2,84,100,11.61
499,Mehamn,NO,2022-05-26 23:47:08,71.0357,27.8492,40.91,82,67,13.51
500,Pacific Grove,US,2022-05-26 23:47:09,36.6177,-121.9166,64.51,84,40,14.97
501,Gbarnga,LR,2022-05-26 23:47:09,6.9956,-9.4722,70.88,99,53,1.19
502,Luderitz,NA,2022-05-26 23:47:10,-26.6481,15.1594,57.2,79,1,3.11
503,Asfi,MA,2022-05-26 23:47:10,32.2994,-9.2372,66.04,83,3,2.15
504,Gigmoto,PH,2022-05-26 23:47:10,13.7796,124.39,84.54,72,100,4.36
505,Dunedin,NZ,2022-05-26 23:45:34,-45.8742,170.5036,48.79,68,3,3.0
506,Paka,MY,2022-05-26 23:47:11,4.6374,103.4368,76.98,100,40,0.0
507,Front Royal,US,2022-05-26 23:47:11,38.9182,-78.1944,72.09,80,0,10.36
508,Rangoon,MM,2022-05-26 23:47:12,16.8053,96.1561,76.96,100,100,4.61
509,Nago,JP,2022-05-26 23:47:12,26.5881,127.9761,70.65,93,100,9.84
510,Paengaroa,NZ,2022-05-26 23:47:12,-37.8167,176.4167,58.08,58,0,1.99
511,Hohhot,CN,2022-05-26 23:47:13,40.8106,111.6522,55.69,28,0,4.47
512,Vila Velha,BR,2022-05-26 23:47:13,-20.3297,-40.2925,67.95,90,0,2.3
513,Ciudad Bolivar,VE,2022-05-26 23:47:13,8.1222,-63.5497,81.21,72,100,12.59
514,Yulara,AU,2022-05-26 23:47:14,-25.2406,130.9889,61.41,51,8,15.19
515,Bloomingdale,US,2022-05-26 23:47:14,27.8936,-82.2404,86.29,69,100,4.61
516,Conceicao Da Barra,BR,2022-05-26 23:47:15,-18.5933,-39.7322,67.64,79,1,4.43
517,Romny,UA,2022-05-26 23:47:15,50.751,33.4747,50.04,88,6,11.7
518,Beruwala,LK,2022-05-26 23:47:15,6.4788,79.9828,79.43,83,99,9.53
519,Vikulovo,RU,2022-05-26 23:47:16,56.8167,70.6107,65.66,57,100,17.81
520,Jieshi,CN,2022-05-26 23:47:16,22.8134,115.8257,77.43,91,100,9.35
521,Chapais,CA,2022-05-26 23:47:16,49.7834,-74.8492,49.78,98,100,7.4
522,Tezu,IN,2022-05-26 23:47:17,27.9167,96.1667,74.5,93,82,1.92
523,Maiduguri,NG,2022-05-26 23:47:17,11.8464,13.1603,87.04,16,0,3.87
524,Tanuku,IN,2022-05-26 23:44:28,16.75,81.7,81.54,87,40,3.62
525,Salto,UY,2022-05-26 23:47:18,-31.3833,-57.9667,54.88,98,100,8.01
526,Dalbandin,PK,2022-05-26 23:47:18,28.8947,64.4101,84.16,11,0,6.11
527,Hauterive,FR,2022-05-26 23:47:18,46.0901,3.4459,59.76,96,7,0.49
528,Nivala,FI,2022-05-26 23:47:19,63.9167,24.9667,47.68,96,79,3.91
529,Tautira,PF,2022-05-26 23:47:19,-17.7333,-149.15,79.27,76,7,14.58
530,Ahuimanu,US,2022-05-26 23:47:19,21.4447,-157.8378,83.91,48,0,13.8
531,Jiaonan,CN,2022-05-26 23:47:20,35.8786,119.9753,75.51,31,0,9.17
532,Rio Grande,BR,2022-05-26 23:47:20,-32.035,-52.0986,59.95,94,100,12.03
533,Perleberg,DE,2022-05-26 23:47:20,53.0667,11.8667,56.86,88,100,13.22
534,Auki,SB,2022-05-26 23:47:21,-8.7676,160.7034,80.08,81,100,0.76
535,Neiafu,TO,2022-05-26 23:47:21,-18.65,-173.9833,83.08,78,75,10.36
536,Mossendjo,CG,2022-05-26 23:47:22,-2.9506,12.7261,68.68,99,100,1.48
537,Kununurra,AU,2022-05-26 23:47:22,-15.7667,128.7333,78.78,44,16,0.0
538,Broome,US,2022-05-26 23:47:22,42.2506,-75.833,69.37,73,100,11.01
539,Solwezi,ZM,2022-05-26 23:47:23,-12.1688,26.3894,51.49,63,35,1.88
540,Changji,CN,2022-05-26 23:47:08,44.0167,87.3167,74.19,49,0,4.47
541,Itoman,JP,2022-05-26 23:47:23,26.1247,127.6694,71.62,96,75,6.91
542,Great Yarmouth,GB,2022-05-26 23:47:24,52.6083,1.7305,58.44,93,55,14.12
543,Miri,MY,2022-05-26 23:47:24,4.4148,114.0089,75.34,100,40,3.44
544,Reykjavik,IS,2022-05-26 23:47:24,64.1355,-21.8954,46.06,71,0,10.36
545,Akdepe,TM,2022-05-26 23:47:25,42.0551,59.3788,64.49,44,89,10.45
546,Mporokoso,ZM,2022-05-26 23:47:25,-9.3727,30.125,56.16,70,0,3.83
547,Dong Hoi,VN,2022-05-26 23:47:25,17.4833,106.6,82.47,76,78,7.31
548,El Alto,PE,2022-05-26 23:48:26,-4.2714,-81.2147,67.66,78,25,16.35
549,Boda,CF,2022-05-26 23:48:26,4.3189,17.4695,68.36,98,30,3.49
550,Sao Miguel Do Araguaia,BR,2022-05-26 23:48:26,-13.275,-50.1628,74.44,51,25,1.86
551,Deputatskiy,RU,2022-05-26 23:48:27,69.3,139.9,23.81,83,95,1.81
552,Goderich,CA,2022-05-26 23:48:27,43.7501,-81.7165,61.92,94,100,10.36
553,Arlit,NE,2022-05-26 23:48:27,18.7369,7.3853,90.81,10,71,6.85
554,Tacuati,PY,2022-05-26 23:48:28,-23.45,-56.5833,74.64,60,100,3.2
555,Hammerfest,NO,2022-05-26 23:48:28,70.6634,23.6821,50.45,57,0,4.61
556,Ambon,ID,2022-05-26 23:48:28,-3.6954,128.1814,82.54,83,20,3.44
557,Athens,GR,2022-05-26 23:48:22,37.9795,23.7162,77.58,57,0,3.0
558,Mnogovershinnyy,RU,2022-05-26 23:48:29,53.9353,139.9242,52.07,57,64,6.91
559,Nuuk,GL,2022-05-26 23:48:30,64.1835,-51.7216,30.81,100,75,11.5
560,San Luis,AR,2022-05-26 23:48:30,-33.295,-66.3356,47.91,71,78,5.3
561,Talaya,RU,2022-05-26 23:48:30,61.3833,152.75,44.13,59,99,8.88
562,Doctor Arroyo,MX,2022-05-26 23:48:31,23.6667,-100.1833,70.93,53,26,13.42
563,Blackwater,AU,2022-05-26 23:48:31,-23.5833,148.8833,70.18,60,1,3.0
564,Rorvik,NO,2022-05-26 23:48:32,64.8621,11.2373,47.52,95,100,7.02
565,Makakilo City,US,2022-05-26 23:48:32,21.3469,-158.0858,82.72,46,75,13.8
566,Shangrao,CN,2022-05-26 23:48:32,28.4532,117.9686,68.41,89,92,3.51
567,Ende,ID,2022-05-26 23:48:33,-8.8432,121.6623,80.53,84,100,3.27
568,Saint-Joseph,RE,2022-05-26 23:48:33,-21.3667,55.6167,68.38,70,3,1.77
569,Mount Gambier,AU,2022-05-26 23:48:33,-37.8333,140.7667,54.32,85,92,5.21
